<?xml version="1.0" encoding="utf-8"?>
<unattend xmlns="urn:schemas-microsoft-com:unattend" xmlns:wcm="http://schemas.microsoft.com/WMIConfig/2002/State">
	<!--https://schneegans.de/windows/unattend-generator/?LanguageMode=Automatically&UILanguage=en-US&UserLocale=nl-NL&KeyboardLayout=0409%3A00020409&ProcessorArchitecture=amd64&ComputerName=GI-W11-001&TimeZone=W.+Europe+Standard+Time&PartitionMode=Automatically&WindowsEdition=pro_workstations_n&UserAccountMode=Automatically&AdministratorAccountName=Admin&AdministratorAccountName=&AdministratorAccountName=&AdministratorAccountName=&AdministratorAccountName=&UserAccountName=User&UserAccountName=&UserAccountName=&UserAccountName=&UserAccountName=&LockoutMode=Default&EnableRemoteDesktop=true&AllowPowerShellScripts=true&ExpressSettings=Privacy&WifiSetup=Skip-->
	<settings pass="offlineServicing">
		<component name="Microsoft-Windows-Shell-Setup" processorArchitecture="amd64" publicKeyToken="31bf3856ad364e35" language="neutral" versionScope="nonSxS">
			<ComputerName>GI-W11-001</ComputerName>
		</component>
	</settings>
	<settings pass="windowsPE">
		<component name="Microsoft-Windows-International-Core-WinPE" processorArchitecture="amd64" publicKeyToken="31bf3856ad364e35" language="neutral" versionScope="nonSxS">
			<SetupUILanguage>
				<UILanguage>en-US</UILanguage>
			</SetupUILanguage>
			<InputLocale>0409:00020409</InputLocale>
			<SystemLocale>nl-NL</SystemLocale>
			<UILanguage>en-US</UILanguage>
			<UserLocale>nl-NL</UserLocale>
		</component>
		<component name="Microsoft-Windows-Setup" processorArchitecture="amd64" publicKeyToken="31bf3856ad364e35" language="neutral" versionScope="nonSxS">
			<ImageInstall>
				<OSImage>
                    <InstallFrom>
                        <MetaData wcm:action="add">
                            <Key>/IMAGE/INDEX</Key>
                            <Value>3</Value>
                        </MetaData>
                    </InstallFrom>
				    <InstallTo>
						<DiskID>0</DiskID>
						<PartitionID>3</PartitionID>
					</InstallTo>
				</OSImage>
			</ImageInstall>
			<UserData>
				<ProductKey>
					<Key>NPPR9-FWDCX-D2C8J-H872K-2YT43</Key>
				</ProductKey>
				<AcceptEula>true</AcceptEula>
			</UserData>
			<RunSynchronous>
				<RunSynchronousCommand wcm:action="add">
					<Order>1</Order>
					<Path>cmd.exe /c echo SELECT DISK=0 &gt;&gt; X:\diskpart.txt</Path>
				</RunSynchronousCommand>
				<RunSynchronousCommand wcm:action="add">
					<Order>2</Order>
					<Path>cmd.exe /c echo CLEAN &gt;&gt; X:\diskpart.txt</Path>
				</RunSynchronousCommand>
				<RunSynchronousCommand wcm:action="add">
					<Order>3</Order>
					<Path>cmd.exe /c echo CONVERT GPT &gt;&gt; X:\diskpart.txt</Path>
				</RunSynchronousCommand>
				<RunSynchronousCommand wcm:action="add">
					<Order>4</Order>
					<Path>cmd.exe /c echo CREATE PARTITION EFI SIZE=100 &gt;&gt; X:\diskpart.txt</Path>
				</RunSynchronousCommand>
				<RunSynchronousCommand wcm:action="add">
					<Order>5</Order>
					<Path>cmd.exe /c echo FORMAT QUICK FS=FAT32 LABEL="System" &gt;&gt; X:\diskpart.txt</Path>
				</RunSynchronousCommand>
				<RunSynchronousCommand wcm:action="add">
					<Order>6</Order>
					<Path>cmd.exe /c echo CREATE PARTITION MSR SIZE=16 &gt;&gt; X:\diskpart.txt</Path>
				</RunSynchronousCommand>
				<RunSynchronousCommand wcm:action="add">
					<Order>7</Order>
					<Path>cmd.exe /c echo CREATE PARTITION PRIMARY &gt;&gt; X:\diskpart.txt</Path>
				</RunSynchronousCommand>
				<RunSynchronousCommand wcm:action="add">
					<Order>8</Order>
					<Path>cmd.exe /c echo FORMAT QUICK FS=NTFS LABEL="Windows" &gt;&gt; X:\diskpart.txt</Path>
				</RunSynchronousCommand>
				<RunSynchronousCommand wcm:action="add">
					<Order>9</Order>
					<Path>cmd.exe /c diskpart /s X:\diskpart.txt &gt;&gt; X:\diskpart.log</Path>
				</RunSynchronousCommand>
			</RunSynchronous>
		</component>
	</settings>
	<settings pass="generalize"></settings>
	<settings pass="specialize">
		<component name="Microsoft-Windows-Deployment" processorArchitecture="amd64" publicKeyToken="31bf3856ad364e35" language="neutral" versionScope="nonSxS">
			<RunSynchronous>
				<RunSynchronousCommand wcm:action="add">
					<Order>1</Order>
					<Path>%windir%\System32\netsh.exe advfirewall firewall set rule group="Remote Desktop" new enable=Yes</Path>
				</RunSynchronousCommand>
				<RunSynchronousCommand wcm:action="add">
					<Order>2</Order>
					<Path>%windir%\System32\reg.exe ADD "HKLM\SYSTEM\CurrentControlSet\Control\Terminal Server" /v fDenyTSConnections /t REG_DWORD /d 0 /f</Path>
				</RunSynchronousCommand>
				<RunSynchronousCommand wcm:action="add">
					<Order>3</Order>
					<Path>%windir%\System32\WindowsPowerShell\v1.0\powershell.exe -NoProfile -Command "Set-ExecutionPolicy -Scope 'LocalMachine' -ExecutionPolicy 'RemoteSigned' -Force;"</Path>
				</RunSynchronousCommand>
			</RunSynchronous>
		</component>
		<component name="Microsoft-Windows-Shell-Setup" processorArchitecture="amd64" publicKeyToken="31bf3856ad364e35" language="neutral" versionScope="nonSxS">
			<TimeZone>W. Europe Standard Time</TimeZone>
		</component>
	</settings>
	<settings pass="auditSystem"></settings>
	<settings pass="auditUser"></settings>
	<settings pass="oobeSystem">
		<component name="Microsoft-Windows-International-Core" processorArchitecture="amd64" publicKeyToken="31bf3856ad364e35" language="neutral" versionScope="nonSxS">
			<InputLocale>0409:00020409</InputLocale>
			<SystemLocale>nl-NL</SystemLocale>
			<UILanguage>en-US</UILanguage>
			<UserLocale>nl-NL</UserLocale>
		</component>
		<component name="Microsoft-Windows-Shell-Setup" processorArchitecture="amd64" publicKeyToken="31bf3856ad364e35" language="neutral" versionScope="nonSxS">
			<UserAccounts>
				<LocalAccounts>
					<LocalAccount wcm:action="add">
						<Name>Admin</Name>
						<Group>Administrators</Group>
						<Password>
							<Value>password</Value>
							<PlainText>true</PlainText>
						</Password>
					</LocalAccount>
					<LocalAccount wcm:action="add">
						<Name>User</Name>
						<Group>Users</Group>
						<Password>
							<Value>password</Value>
							<PlainText>true</PlainText>
						</Password>
					</LocalAccount>
				</LocalAccounts>
			</UserAccounts>
            <AutoLogon>
                <Enabled>true</Enabled>
                <Username>admin</Username>
                <Password>
                    <Value>password</Value>
                    <PlainText>true</PlainText>
                </Password>
                <LogonCount>5</LogonCount>
            </AutoLogon>
             <FirstLogonCommands>
                <SynchronousCommand wcm:action="add">
                   <CommandLine>powershell -ExecutionPolicy Bypass -File e:\enable-winrm.ps1</CommandLine>
                   <Description>Enable WinRM</Description>
                   <Order>1</Order>
                </SynchronousCommand>
             </FirstLogonCommands>
             <OOBE>
                <!-- Privacy settings -->
                <ProtectYourPC>3</ProtectYourPC>
                <HideLocalAccountScreen>true</HideLocalAccountScreen>
                <HideEULAPage>true</HideEULAPage>
                <HideOEMRegistrationScreen>true</HideOEMRegistrationScreen>
                <HideOnlineAccountScreens>true</HideOnlineAccountScreens>
                <HideWirelessSetupInOOBE>true</HideWirelessSetupInOOBE>
                <NetworkLocation>Work</NetworkLocation>
                <SkipMachineOOBE>true</SkipMachineOOBE>
                <SkipUserOOBE>true</SkipUserOOBE>
			</OOBE>
		</component>
	</settings>
</unattend>