<?xml version="1.0" encoding="utf-8"?>
<unattend xmlns="urn:schemas-microsoft-com:unattend">
    <settings pass="windowsPE">
        <component name="Microsoft-Windows-International-Core-WinPE" processorArchitecture="x86" publicKeyToken="31bf3856ad364e35" language="neutral" versionScope="nonSxS">
			<SetupUILanguage>
			<UILanguage>en-US</UILanguage>
			</SetupUILanguage>
			<InputLocale>0413:00000413</InputLocale>
			<SystemLocale>nl-NL</SystemLocale>
			<UILanguage>en-US</UILanguage>
			<UserLocale>nl-NL</UserLocale>
		</component>
        <component name="Microsoft-Windows-PnpCustomizationsWinPE" processorArchitecture="amd64" publicKeyToken="31bf3856ad364e35" language="neutral" versionScope="nonSxS" xmlns:wcm="http://schemas.microsoft.com/WMIConfig/2002/State" xmlns:xsi="http://www.w3.org/2001/XMLSchema-instance">
            <DriverPaths>
                <PathAndCredentials wcm:action="add" wcm:keyValue="A">
                    <Path>A:\</Path>
                </PathAndCredentials>
            </DriverPaths>
        </component>
        <component name="Microsoft-Windows-Setup" processorArchitecture="amd64" publicKeyToken="31bf3856ad364e35" language="neutral" versionScope="nonSxS" xmlns:wcm="http://schemas.microsoft.com/WMIConfig/2002/State" xmlns:xsi="http://www.w3.org/2001/XMLSchema-instance">
            <UserData>
                <ProductKey>
                    <!--  <Key>NPPR9-FWDCX-D2C8J-H872K-2YT43</Key> -->
                    <WillShowUI>OnError</WillShowUI>
                </ProductKey>
                <AcceptEula>true</AcceptEula>
                <FullName>Customer</FullName>
                <Organization>Customer</Organization>
            </UserData>
            <ImageInstall>
                <OSImage>
                    <InstallFrom>
                        <MetaData wcm:action="add">
                            <Key>/IMAGE/NAME</Key>
                            <Value>Windows 10 Enterprise</Value>
                        </MetaData>
                    </InstallFrom>
                    <InstallToAvailablePartition>true</InstallToAvailablePartition>
                </OSImage>
            </ImageInstall>
            <DiskConfiguration>
                <Disk wcm:action="add">
                    <DiskID>0</DiskID>
                    <CreatePartitions>
                        <CreatePartition wcm:action="add">
                            <Order>1</Order>
                            <Extend>true</Extend>
                            <Type>Primary</Type>
                        </CreatePartition>
                    </CreatePartitions>
                </Disk>
            </DiskConfiguration>
        </component>
    </settings>
    <settings pass="offlineServicing">
        <component name="Microsoft-Windows-LUA-Settings" processorArchitecture="amd64" publicKeyToken="31bf3856ad364e35" language="neutral" versionScope="nonSxS" xmlns:wcm="http://schemas.microsoft.com/WMIConfig/2002/State" xmlns:xsi="http://www.w3.org/2001/XMLSchema-instance">
            <!-- Disable user account control -->
            <!-- <EnableLUA>false</EnableLUA> -->
        </component>
    </settings>
    <settings pass="oobeSystem">
        <component name="Microsoft-Windows-International-Core" processorArchitecture="amd64" publicKeyToken="31bf3856ad364e35" language="neutral" versionScope="nonSxS" xmlns:wcm="http://schemas.microsoft.com/WMIConfig/2002/State" xmlns:xsi="http://www.w3.org/2001/XMLSchema-instance">
            <InputLocale>0413:00000413</InputLocale>
			<SystemLocale>nl-NL</SystemLocale>
			<UILanguage>en-US</UILanguage>
			<UserLocale>nl-NL</UserLocale>
        </component>
        <component name="Microsoft-Windows-Shell-Setup" processorArchitecture="amd64" publicKeyToken="31bf3856ad364e35" language="neutral" versionScope="nonSxS" xmlns:wcm="http://schemas.microsoft.com/WMIConfig/2002/State" xmlns:xsi="http://www.w3.org/2001/XMLSchema-instance">
            <OOBE>
                <!-- Privacy settings -->
                <ProtectYourPC>3</ProtectYourPC>
                <HideLocalAccountScreen>true</HideLocalAccountScreen>
                <HideEULAPage>true</HideEULAPage>
                <HideOEMRegistrationScreen>true</HideOEMRegistrationScreen>
                <HideOnlineAccountScreens>true</HideOnlineAccountScreens>
                <HideWirelessSetupInOOBE>true</HideWirelessSetupInOOBE>
                <NetworkLocation>Work</NetworkLocation>
                <SkipMachineOOBE>true</SkipMachineOOBE>
                <SkipUserOOBE>true</SkipUserOOBE>
            </OOBE>
            <TimeZone>W. Europe Standard Time</TimeZone>
            <UserAccounts>
                <AdministratorPassword>
                    <Value>ThisisagoodPassword!</Value>
                    <PlainText>true</PlainText>
                </AdministratorPassword>
            </UserAccounts>
            <AutoLogon>
                <Enabled>true</Enabled>
                <Username>administrator</Username>
                <Password>
                    <Value>ThisisagoodPassword!</Value>
                    <PlainText>true</PlainText>
                </Password>
                <LogonCount>5</LogonCount>
            </AutoLogon>
            <FirstLogonCommands>
                <SynchronousCommand wcm:action="add">
                    <CommandLine>%SystemRoot%\system32\WindowsPowerShell\v1.0\powershell.exe -Command "Set-ExecutionPolicy -ExecutionPolicy RemoteSigned -Force"</CommandLine>
                    <Description>Set Execution Policy 64-Bit</Description>
                    <Order>1</Order>
                    <RequiresUserInput>true</RequiresUserInput>
                </SynchronousCommand>
                <SynchronousCommand wcm:action="add">
                    <CommandLine>%SystemRoot%\system32\WindowsPowerShell\v1.0\powershell.exe -Command "Set-ExecutionPolicy -ExecutionPolicy RemoteSigned -Force"</CommandLine>
                    <Description>Set Execution Policy 32-Bit</Description>
                    <Order>2</Order>
                    <RequiresUserInput>true</RequiresUserInput>
                </SynchronousCommand>
                <SynchronousCommand wcm:action="add">
                    <Order>3</Order>
                    <!-- VMware Tools installation -->
                    <CommandLine>powershell -ExecutionPolicy Bypass -File a:\install-vmtools.ps1</CommandLine>
                </SynchronousCommand>
               <SynchronousCommand wcm:action="add">
                   <CommandLine>powershell -ExecutionPolicy Bypass -File a:\enable-winrm.ps1</CommandLine>
                   <Description>Enable WinRM</Description>
                   <Order>4</Order>
               </SynchronousCommand>
               <SynchronousCommand wcm:action="add">
                   <!--  <CommandLine>cmd.exe /c reg add "HKLM\SOFTWARE\Microsoft\WcmSvc\wifinetworkmanager\config" /v "AutoConnectAllowedOEM" /t REG_DWORD /d 0 /f</CommandLine> -->
                   <Description>Disable auto Wi-Fi Sense</Description>
                   <Order>5</Order>
                   <RequiresUserInput>true</RequiresUserInput>
               </SynchronousCommand>>
               <SynchronousCommand wcm:action="add">
                    <Order>6</Order>
                    <CommandLine>cmd.exe /c a:\enable-rdp.cmd</CommandLine>
                    <Description>Enable RDP</Description>
                </SynchronousCommand>
                <SynchronousCommand wcm:action="add">
                    <Order>7</Order>
                    <CommandLine>cmd.exe /c a:\disable-network-discovery.cmd</CommandLine>
                    <Description>Disable Network Discovery</Description>
                </SynchronousCommand>
            </FirstLogonCommands>
        </component>
    </settings>
    <settings pass="specialize">
        <component name="Microsoft-Windows-Shell-Setup" processorArchitecture="amd64" publicKeyToken="31bf3856ad364e35" language="neutral" versionScope="nonSxS" xmlns:wcm="http://schemas.microsoft.com/WMIConfig/2002/State" xmlns:xsi="http://www.w3.org/2001/XMLSchema-instance">
            <ComputerName>GI-W1021H2-01</ComputerName>
        </component>
    </settings>
    <cpi:offlineImage cpi:source="wim:c:/users/administrator/downloads/custom/install.wim#Windows 10 Enterprise" xmlns:cpi="urn:schemas-microsoft-com:cpi" />
</unattend>